State of company,Area - km^2,Population - May 2023,GDP - millions 2022,Exports - 2025 - US$ FOB,Imports - 2025 - US$ FOB,Exports - 2024 - US$ FOB,Imports - 2024 - US$ FOB,Exports - 2023 - US$ FOB,Imports - 2023 - US$ FOB,Exports - 2022 - US$ FOB,Imports - 2022 - US$ FOB,Exports - 2021 - US$ FOB,Imports - 2021 - US$ FOB,Exports - 2020 - US$ FOB,Imports - 2020 - US$ FOB,Exports - 2019 - US$ FOB,Imports - 2019 - US$ FOB,Exports - 2018 - US$ FOB,Imports - 2018 - US$ FOB,Exports - 2017 - US$ FOB,Imports - 2017 - US$ FOB,Exports - 2016 - US$ FOB,Imports - 2016 - US$ FOB,Exports - 2015 - US$ FOB,Imports - 2015 - US$ FOB,Exports - 2014 - US$ FOB,Imports - 2014 - US$ FOB,Exports - 2013 - US$ FOB,Imports - 2013 - US$ FOB,Exports - 2012 - US$ FOB,Imports - 2012 - US$ FOB,Exports - 2011 - US$ FOB,Imports - 2011 - US$ FOB,Exports - 2010 - US$ FOB,Imports - 2010 - US$ FOB,Exports - 2009 - US$ FOB,Imports - 2009 - US$ FOB,Exports - 2008 - US$ FOB,Imports - 2008 - US$ FOB,Exports - 2007 - US$ FOB,Imports - 2007 - US$ FOB,Exports - 2006 - US$ FOB,Imports - 2006 - US$ FOB,Exports - 2005 - US$ FOB,Imports - 2005 - US$ FOB,Exports - 2004 - US$ FOB,Imports - 2004 - US$ FOB,Exports - 2003 - US$ FOB,Imports - 2003 - US$ FOB,Exports - 2002 - US$ FOB,Imports - 2002 - US$ FOB,Exports - 2001 - US$ FOB,Imports - 2001 - US$ FOB,Exports - 2000 - US$ FOB,Imports - 2000 - US$ FOB,Exports - 1999 - US$ FOB,Imports - 1999 - US$ FOB,Exports - 1998 - US$ FOB,Imports - 1998 - US$ FOB,Exports - 1997 - US$ FOB,Imports - 1997 - US$ FOB,Cluster
Acre,-0.410740013266886,-0.7750960510530372,-0.6065078274754807,-0.6963927226517224,-0.5768484872895694,-0.689053635911259,-0.6192123941233487,-0.7033777264209807,-0.6119286624455713,-0.7059257785205953,-0.6220880811101078,-0.7231040927491733,-0.6042734610711827,-0.7139931196726083,-0.5455398220295605,-0.6934144623546858,-0.546731131933166,-0.6251528253593958,-0.5381517638761143,-0.646543707075358,-0.5232955066568273,-0.6134437076393168,-0.5165470314121052,-0.6436894916920928,-0.5207937565916122,-0.655523830149583,-0.5232632512393223,-0.6355302111394494,-0.5177824209278427,-0.6269268986822084,-0.54988085810506,-0.6264453832072009,-0.5284229978578346,-0.6011741398043935,-0.5129395905215257,-0.5808714854976473,-0.4875202041993362,-0.5594245604167879,-0.4986962323312391,-0.5254493129728568,-0.4812864082780401,-0.5096956868995555,-0.4742778734003829,-0.5274510537973615,-0.4609152055219516,-0.5123872906671034,-0.4454192097462431,-0.5074559320490319,-0.4549531115337552,-0.4962700439301952,-0.4541121908875951,-0.4709937537324283,-0.4331530984630589,-0.4744932442471322,-0.421066550984027,-0.4847165836353301,-0.4105822931517072,-0.4987878760042631,-0.4052760702853009,-0.516211470362802,-0.4032446051955702,0
Alagoas,-0.7809318032201179,-0.5133632441428515,-0.4698683875243294,-0.6561945885593413,-0.5258781477453952,-0.6563489460553278,-0.5642594512752696,-0.664802151111896,-0.5633083882084075,-0.6836373662492519,-0.5735454988884297,-0.706533814172889,-0.5470529153555056,-0.6886352550354193,-0.4834653861772162,-0.6765963974780284,-0.4935799303837193,-0.5977218863319107,-0.4915429915427409,-0.5992968217354038,-0.4693360226731845,-0.5721180818763906,-0.4579409121702595,-0.5758437609249647,-0.4702628550506526,-0.6102320284219561,-0.4877965981900091,-0.586552407063638,-0.4889043444833142,-0.5626354943331883,-0.5215950016022273,-0.5452003054305459,-0.5002708583478143,-0.5330571898125025,-0.4941767249596643,-0.505700948219564,-0.4759481233639966,-0.4921725122716072,-0.4816710313246289,-0.4646331996270438,-0.45564742678836,-0.4375995314768846,-0.4582300195730851,-0.4619977299204045,-0.4444976986390557,-0.4504293776783206,-0.4324523679021368,-0.4455354802958797,-0.4424909900702872,-0.4364124267458596,-0.4226791226271456,-0.415176801034661,-0.4207581108467833,-0.4281708497726756,-0.4086553736092859,-0.4332353980566661,-0.3967791810592115,-0.431950613556274,-0.3881499174131516,-0.4328635051040667,-0.3813287732280729,0
Amapá,-0.468552153861953,-0.7860611561751363,-0.6380400059257464,-0.6935843407090253,-0.5659195595033426,-0.6834270916039364,-0.5847076435039706,-0.6952772151575396,-0.5335891629790808,-0.6974266906337981,-0.574817070448073,-0.7070945129782443,-0.5729757151178976,-0.6889298030832871,-0.5287882549120355,-0.6745792900769415,-0.5370984150712876,-0.6077162309792035,-0.5252384499884236,-0.6266776153684847,-0.5150486414060529,-0.5914109171739848,-0.5117010207898581,-0.6230060628017113,-0.517436753956051,-0.6231644303955478,-0.5176100768926659,-0.6046616619795692,-0.5126628824282142,-0.5948856322174502,-0.5421540750446956,-0.587388219573422,-0.5245785008638048,-0.5744958092806294,-0.5094187854495221,-0.5636189690661536,-0.4835268094716524,-0.5459906022619763,-0.4953265103371319,-0.5157397690268543,-0.4757555387145853,-0.4980923493653491,-0.4730424917998833,-0.5196460820535705,-0.458190604478686,-0.5064044715869643,-0.4401082032938507,-0.5044063686146154,-0.4538929045538214,-0.4934362985164874,-0.4529163351389065,-0.4658771001554384,-0.4319181965869825,-0.4663758835612741,-0.4164758320835454,-0.4735068259423729,-0.405781105812205,-0.4838117315667826,-0.4022148685304091,-0.5033094775828943,-0.3990758987925627,0
Amazonas,3.377020581830936,-0.4206464279279518,-0.3910379413986652,-0.6518174553608526,0.3861339493478599,-0.6361495444780055,0.4071776069153657,-0.6471537425774593,0.2545431054068852,-0.644048593021951,0.251557973443459,-0.6576716884903061,0.3794089313308146,-0.6451286946008726,0.3644648973459938,-0.6323177521440603,0.2668897044649443,-0.5794372137521238,0.2524513511107747,-0.5903622702566035,0.259250475110344,-0.5579895660229904,0.1186512747591747,-0.5669638436747031,0.2173913917504644,-0.5804182434080167,0.2869968475287832,-0.5539261906825005,0.3160825353299516,-0.5572849012940427,0.3423154269503209,-0.5638141202587743,0.2730124532147294,-0.5005821621508356,0.3352654513672645,-0.474638249984416,0.2423826815512028,-0.4577395745222024,0.2882867199919836,-0.421701138061816,0.26301803326844,-0.3571108782538433,0.3952260040280341,-0.2660740305132709,0.4165409214476939,-0.3444810237857442,0.3752314374096263,-0.266659404534695,0.4143488901907911,-0.2648612870587362,0.3480092465515386,-0.28349256297855,0.2537671906982844,-0.2931771852522204,0.3581477395686566,-0.3643690372884182,0.2251087439560465,-0.4295826141116542,0.161752963578813,-0.4639464299654497,0.378798966860234,0
Bahia,0.6769875710687409,0.741262742038246,0.0136250153797444,-0.04287837371782,-0.0235460257738531,-0.0532643568578076,0.0597632443317106,-0.0829055108519171,-0.027748588452547,0.0781379758264415,0.077665094741518,-0.0631263496566009,-0.0054062584517758,-0.0077398575071753,-0.0801727958726894,-0.0452412023712644,0.0074311119431324,-0.049203285968216,0.0886869045441544,-0.0110245237926204,0.1239307880011255,-0.018841722927947,0.1086213083307197,0.0488008305228137,0.1574015063441217,0.0495897704158807,0.0494239829762483,0.0574050780469601,-0.0027915787578894,0.1167421757788942,-0.025577719138306,0.0693336424332362,-0.0402679496586116,0.0846421444227279,-0.0016384442846539,0.1095143418408743,-0.0085977478585982,0.1931761336331851,-0.0121871381887438,0.157362581120189,0.0939603010801577,0.1731024628353777,0.1453585361807851,0.1829528451311586,0.0909579478297334,0.0803881280060917,0.127130386931813,0.0928016873776117,0.0368378929131504,0.018166028643144,0.0323190329075726,-0.0181519439901138,0.0456076348347268,-0.0307052094964631,0.0344171724989002,-0.0538637591076541,-0.0755387243435367,-0.0189846110537717,-0.1158032083465105,-0.0234618361555838,-0.1127309937508764,0
Ceará,-0.4520122980439749,0.1322102104508841,0.415660290620632,-0.6110715774888799,-0.4062243578986709,-0.6126153757019366,-0.4268134337966439,-0.5919078561529305,-0.3952723139313093,-0.5745589930064262,-0.3198185855865005,-0.5279358779156972,-0.3166150778204933,-0.5456812178227984,-0.3197385930951936,-0.5036312041118183,-0.3581343010943622,-0.4575439706210386,-0.3378312707401443,-0.4766190353959406,-0.3216912830265319,-0.4949196526793816,-0.1627778847703939,-0.5465551245659559,-0.301846395011366,-0.5356268964540662,-0.3378529658566777,-0.5288167309006838,-0.3249666308291301,-0.5156381476685277,-0.3587357115173096,-0.5080707460413668,-0.3772224656337946,-0.5003958149934162,-0.3465929542637241,-0.4705492705465358,-0.3613332025586841,-0.4607384077002954,-0.3771979932388219,-0.4225835409647858,-0.3292407551849137,-0.4121545790334046,-0.3201033622664484,-0.4148838246191507,-0.3609715736999825,-0.39040309607847,-0.3353383314180339,-0.3688155387371744,-0.3138850016924003,-0.3833534648046271,-0.2982262047097673,-0.3575499612222643,-0.2995623153698067,-0.357491103259869,-0.2732641319723348,-0.3752728223865189,-0.2769146239172407,-0.3846288748151408,-0.2877790800436216,-0.403845917931365,-0.2800222422856661,0
Distrito Federal,-0.8406778130115897,-0.5487105264707124,-0.0073964369204326,-0.6939979891069318,-0.4456014649848206,-0.6877235086263072,-0.515461072040679,-0.6999638196048689,-0.4636119971084734,-0.7007852586072841,-0.4753898291182265,-0.7179079030605741,-0.3358797671034879,-0.7084816930094388,-0.4209840457335423,-0.6881347006309984,-0.4580810949357865,-0.619751815372218,-0.4607409682187217,-0.6404597987053801,-0.4277525820554617,-0.604588692299892,-0.3655526805308777,-0.6313644421265047,-0.4225724687130318,-0.6446899075030421,-0.4449565168473465,-0.6276293814436278,-0.4388947427646579,-0.6195424472968006,-0.4722291936669662,-0.6211437171897709,-0.4495398557851301,-0.5992538591161277,-0.3928223918738164,-0.578805365783011,-0.3740622761178508,-0.5575338902295607,-0.4145753252918854,-0.5254563697730134,-0.3592934322300462,-0.5102708531497829,-0.3540679901489059,-0.5268004352807629,-0.3351741748832535,-0.5097767360143608,-0.3479678638018585,-0.5070225165647426,-0.3180362815315271,-0.4961847761307844,-0.3026747859784667,-0.4716241464809701,-0.3143161150067146,-0.4738730133894487,-0.3186177522191479,-0.4842657356163533,-0.261300115519461,-0.4955015689566759,-0.3322124167159657,-0.5131264923948271,-0.3524296146189988,0
Espírito Santo,-0.7311997197402111,-0.4329377025908884,-0.3332289475731781,-0.1390802610823118,0.06304067964636,-0.0771671831081248,0.2641306590571486,-0.1336690258497015,0.0609864744809188,-0.1779582657002437,-0.0374433288836995,-0.0475084446173861,-0.1190042302253232,-0.2509314288761385,-0.07228586505807,-0.1014359099570019,-0.0846418941185644,0.0307583006262836,-0.1412194122856104,0.0155895840068551,-0.1105938536380832,-0.0711689640882647,-0.1410831372951926,0.2253944821575111,-0.0983217397289033,0.299528144204115,-0.1001017683119364,0.137485662765001,-0.0868869891662341,0.2015467916838513,0.0210059261439926,0.3740190204035573,0.1347678059579983,0.3602615962938163,0.0584793717480791,0.0830591980328992,0.0618452645689539,0.2383555039122085,0.1383100528648953,0.1031678995452357,0.2028497540208112,0.1755869843550402,0.182994074906679,0.1645911798789446,0.2040726500658131,0.15867668886231,0.1078638513973797,0.1976962821054914,0.0728196607354621,0.209140865279012,0.0412114228084325,0.1763401849367771,0.0623694594157622,0.3021490120233329,0.065487187951992,0.3486528593158064,0.1618585519519242,0.4208079829595498,0.2089190909549121,0.3380568112967453,0.3285911738009507,0
Goiás,0.0671014845356693,-0.0658223743544269,-0.1308974691839732,-0.0796912653565972,-0.2630605004623845,-0.085626303777472,-0.2626172884467367,-0.0240828670995394,-0.2770856146336983,1.3027745348211394e-05,-0.253691794730055,-0.166758979333593,-0.1861557245918098,-0.0356093085895098,-0.2349013705503387,-0.1434872827085717,-0.254764588468669,-0.2431627484790423,-0.2504968348711636,-0.1978459018709354,-0.2311107705742801,-0.187914575872777,-0.2487233181900228,-0.2376704405096203,-0.2450942820493585,-0.2571469800927228,-0.2509355700598168,-0.2898695795777324,-0.235242059735603,-0.2693697705751614,-0.2079536206006688,-0.3446101701709291,-0.1660888485199391,-0.3647980914753516,-0.1963993456308358,-0.320568069155955,-0.1942427764396807,-0.3439746395919913,-0.2622108039329612,-0.3031981578889509,-0.2983106981557259,-0.3525981110171968,-0.3347291183599347,-0.3627318278912436,-0.3377412781330074,-0.3581396657635963,-0.3292080555059962,-0.3880166933137445,-0.3618423146155793,-0.3891908195743439,-0.3702845796915159,-0.3730422864575075,-0.3514863515447504,-0.3978208254370188,-0.3469170424454466,-0.4217733875871525,-0.3407568838188352,-0.443601254310727,-0.3515983056932117,-0.436424213932279,-0.3669192754145452,0
Maranhão,0.044907698412566,-0.0976946413917202,-0.3936656229361873,-0.41016419349484,-0.3401114891595525,-0.3613687228558533,-0.3663445708306865,-0.376467081469528,-0.2786775353310887,-0.3718576765091797,-0.1595427966978568,-0.4114268789416628,-0.2933985567476598,-0.3990075304693953,-0.3606350630224177,-0.3865578594233154,-0.2625167641032762,-0.389732371110395,-0.2934982736905497,-0.4029842909403345,-0.2934646520456144,-0.402817626182548,-0.3035889367024214,-0.3530981452170075,-0.2239663709965115,-0.4432688483984097,-0.0874460517552614,-0.4564182608428191,-0.1191974879269847,-0.4078344188325837,-0.0806235823682171,-0.421952265948308,-0.1322244586127693,-0.4297984746008711,-0.2222391544078576,-0.4446715968008511,-0.2822985913117062,-0.3170976251523574,-0.1796510368414821,-0.3485406323040743,-0.2308206640625397,-0.3443770543101467,-0.2320807447425247,-0.333800556276185,-0.2650362198330931,-0.3217803747189826,-0.3044431637259444,-0.3550427419591158,-0.2866212804700516,-0.3377196460606748,-0.2288212425766815,-0.3467786523659957,-0.2586663706350274,-0.3036790334041129,-0.3233029255799178,-0.3122721691970231,-0.327981664741312,-0.335893514857751,-0.345505408947079,-0.3257878309878226,-0.331704221511905,0
Mato Grosso,1.5964333740590382,-0.4528795698239784,-0.2885583614353017,0.7162012317426124,-0.4667365620481762,0.6813676504481037,-0.4445310653880838,0.9302487195143336,-0.3907891986556051,1.0207695596714448,-0.2654752774336154,0.6870722433982127,-0.372921269905667,0.8249593401534622,-0.377204407247499,0.6573876031536358,-0.3857165533156259,0.1433370591502565,-0.4120755766965332,0.3146709576733191,-0.3972031319902091,0.3184781893877256,-0.396546624400122,0.3806412195492562,-0.4110748283724358,0.2566940396955113,-0.4130842915601244,0.2337171345923488,-0.4164957399917553,0.1029077630044433,-0.4425532450684023,-0.0815041931791168,-0.4276394648609493,-0.1179547966463147,-0.4379509482633433,0.0350895971368217,-0.4052780976568002,-0.187932980641621,-0.3993532874689279,-0.2394182817202112,-0.3982554047239891,-0.2287492325502353,-0.4167596037224918,-0.1719402223267401,-0.3892963651441796,-0.2592563002627581,-0.3613276430417749,-0.2986816751080115,-0.3815231622277326,-0.3005578757307686,-0.3990209993585735,-0.2813889544716824,-0.4029257658715554,-0.3326992477492833,-0.4032931829551363,-0.3824802365776602,-0.3702277867598351,-0.4149036580532393,-0.3733101680789456,-0.349738710097668,-0.4001951624036808,0
Mato Grosso do Sul,0.1133526034620476,-0.5415423534165739,-0.3805272152485766,-0.1999784724321957,-0.4239595000612962,-0.2695460081657647,-0.4408070205272403,-0.2851515158281736,-0.4096714601386622,-0.3762872078118605,-0.41847129668599,-0.3988719318814848,-0.4120687941406661,-0.3096705439957875,-0.3673546080159645,-0.3423406354722194,-0.3542338121613599,-0.3367684439242552,-0.319505349922789,-0.3623045767718569,-0.2964370743116429,-0.3486971793758773,-0.2831736493611225,-0.3503707043546983,-0.2401435793165046,-0.3515934023492168,-0.2004489725743357,-0.3623391408015394,-0.18197580482567,-0.4201936033856628,-0.2043257904533608,-0.4232959987464418,-0.2464012572546929,-0.420874474028033,-0.2540083024723119,-0.4287039148582626,-0.2015828493699736,-0.4408378095622008,-0.1980900135485101,-0.454856560819587,-0.2357134853038194,-0.4528710236630954,-0.2328666633992195,-0.4609975838056486,-0.2815721839478452,-0.4575280916358154,-0.2939846363793942,-0.4557879128761135,-0.3273833614011777,-0.4544224270751537,-0.3450954135960394,-0.4374363863964485,-0.3735038386260318,-0.4281240768000875,-0.3888384614907842,-0.4429283066143328,-0.3992555528313017,-0.4341909854016469,-0.3746031671666997,-0.409920436627099,-0.3841761854942934,0
Minas Gerais,0.7361428717238563,1.554339201256025,0.8702491966119622,1.534185610602336,0.4289355743426905,1.4061500461142635,0.4632384741008945,1.2885691103954184,0.4508027754124016,1.3879090813385278,0.4603954650156745,1.6876013126021694,0.3669773320896284,1.5089330238105172,0.2271507150489305,1.2791013554302677,0.1905940897112024,1.1123893394712627,0.1916745987547181,1.3844978785582327,0.1434110824137143,1.3763150931859394,0.1483431214052209,1.4232881097434729,0.2028406485350266,1.6650333997146676,0.1552103578835702,1.6671102338882184,0.2014508425869975,1.593772456818101,0.2518136953718964,1.9661678797520377,0.2928209894908828,1.76948557569636,0.2465036192653174,1.2863692782502685,0.2697361983847076,1.2480989989823326,0.3145636515727891,1.0471158609012934,0.2187479707425474,0.993892699043476,0.2107110843515548,1.0161048287987815,0.207894393645523,0.8678373613379492,0.1322413403730681,0.8176562848564561,0.1638141410025838,0.7398060290911201,0.1991819011962879,0.6727744416755229,0.2012841255513356,0.891462253039671,0.1488090579492762,1.153807758169643,0.2828519977838968,1.3033702724456786,0.3301397293540983,1.3147582205037072,0.2908909855891084,1
Pará,2.532046323531279,0.1145053572568739,-0.2517708199099917,0.563573912372229,-0.4209592841154206,0.6096445595297202,-0.4889678269667414,0.5569160166176914,-0.4809867631879349,0.5209178681417397,-0.453539475687659,1.3231602710545876,-0.4897610887981243,1.1553369805813958,-0.4334427193384652,0.8004731291523987,-0.4487663199573544,0.515810567909789,-0.4442299256318968,0.518726014773168,-0.4358212697316385,0.3468384603172201,-0.4040657186847046,0.3068050528740403,-0.4430118914799625,0.4858071587940324,-0.4635332219284363,0.5397212626762553,-0.4526428025031411,0.4165675561648548,-0.4590460851306078,0.5908948499785,-0.4439376053910903,0.5034450093505719,-0.4256176760627355,0.2794477427831728,-0.4058064323809892,0.2378078830717864,-0.4200655738422471,0.1704337226012014,-0.4125113875642362,0.1442354128818845,-0.3840244287934006,0.0236222100632466,-0.3924204598930854,0.0217073784112322,-0.3929530200127106,-0.0150741356864099,-0.3799658719728689,-0.0017198764385478,-0.3891469903806329,0.0164820806301282,-0.3763426030013568,0.0803928902647028,-0.3659021507134822,0.0836661881375557,-0.3701754972352494,0.0123679962775586,-0.356304465329354,-0.0677521700252769,-0.3676139750157959,0
Paraíba,-0.7030566487438046,-0.394023591482517,-0.5040282475121173,-0.6909065935651781,-0.5071754839340886,-0.6829582014932745,-0.527135650993151,-0.6906417079423858,-0.5383847952902245,-0.6930361198344938,-0.558827700298087,-0.7132160554604475,-0.5573416707884844,-0.7064217391393891,-0.4985403841025557,-0.685646589376461,-0.5010573719903089,-0.6189191900539058,-0.4952018934032718,-0.6366611465859272,-0.4869749273795149,-0.6033685450211819,-0.4849933511424261,-0.6329443225348164,-0.474709036553986,-0.6426132918602011,-0.4835469262548476,-0.6235250363780411,-0.4804760033914199,-0.6129479878190539,-0.5103998270928978,-0.614590630650615,-0.4653273784028934,-0.5856161236614331,-0.4611733834091188,-0.5655616492742743,-0.443101978053859,-0.5431371460280394,-0.4680282675058749,-0.5049964071084962,-0.4485125085154833,-0.4897136062546264,-0.4507427449627165,-0.5021529858459033,-0.445060675956698,-0.4835197707204985,-0.4266533616750468,-0.4769683540953648,-0.4399171797255651,-0.4702924527463566,-0.4345660673687069,-0.449097279888117,-0.4160399817439033,-0.4560132093173951,-0.3917889483104775,-0.4690101040739746,-0.3821621561576554,-0.4809621376479157,-0.3762496899301643,-0.4914546896801134,-0.3695453082936854,0
Paraná,-0.3152068749644913,0.4543700771582289,0.4340540613832869,0.8331027275273684,0.5581763197574716,0.7639983086882842,0.6273159831351596,0.9168148118621274,0.6360445754867582,0.7905140687082622,0.7586881272508146,0.7523228659773467,0.6581068931082635,0.9174151059218498,0.5667301735815087,0.8504995687794596,0.6074967385788376,0.5971833565528969,0.5777458604828167,0.9281576086753832,0.6159328573580066,0.8808410549264064,0.6155315858590823,0.8871519634504107,0.5040980914924236,0.7662716587294167,0.5458282247819511,0.7926845325138256,0.6155439259460127,0.7679408962745549,0.7462223860853938,0.6765358156764036,0.6579296603781214,0.6777837231159746,0.5508822589482426,0.7162648092680162,0.5052758506941128,0.6773359711371545,0.6386425682068201,0.6416571049703588,0.4948928272091585,0.5353572460293461,0.3670286748253281,0.6737436498381122,0.3061762341043843,0.832236942222866,0.3273985122704118,0.7205382623563854,0.4344284647889944,0.6501760202917231,0.4152137910070876,0.6684782392388938,0.6098706037195072,0.5488147759376423,0.535002882513165,0.5499488354220864,0.4245711003143839,0.5910638951119918,0.3682397592369715,0.6575325831522696,0.2142087904843755,1
Pernambuco,-0.589872558866952,0.229077315366254,-0.1335251507214954,-0.5551402400058659,-0.1373776229247584,-0.5739024112432364,-0.1460740135232461,-0.5784104369025824,-0.1249399335219899,-0.5332439668822567,-0.1379150267236209,-0.5568973325365182,-0.1107073925103891,-0.5379944512869202,-0.1363201344412555,-0.5110406094086151,-0.0489291477287255,-0.4413260126676153,0.0063458407259629,-0.4781855482989638,-0.0108856084564308,-0.4760210053149035,-0.0653169357978767,-0.5404957106004874,-0.1045148347811271,-0.572952661555468,-0.0711160122421719,-0.5754297872216382,-0.1195979666550236,-0.5674078773111929,-0.1103140415244233,-0.5506211930370741,-0.1782629255056227,-0.5164107128273066,-0.2635424960097914,-0.5000872438546305,-0.2836737105335513,-0.4839890526792158,-0.3063570691603678,-0.4456827513407286,-0.2957522253751168,-0.4370477218619373,-0.3312469237989295,-0.4426091790337084,-0.3245266659762485,-0.4426785279023475,-0.3034579989713354,-0.4231031769666428,-0.2717757911579616,-0.4269242793888835,-0.2456753043001578,-0.4059856664819609,-0.2198213683917097,-0.4061572245775068,-0.227467188419349,-0.4148984601955898,-0.2382788451594115,-0.4127378180766211,-0.2227105283120527,-0.4309478303183859,-0.2384380897864876,0
Piauí,-0.1732819727032526,-0.4890236702190235,-0.5933694197878701,-0.6707652860463393,-0.5504916022083007,-0.6349066327595744,-0.6018192232222577,-0.6301954668718664,-0.5756255374442599,-0.6264810940646903,-0.6071252077239655,-0.6781801342576119,-0.5657650538566276,-0.6720501298950384,-0.5177424998179057,-0.6600747057329942,-0.5238197523421494,-0.6072737965660989,-0.5275477124962233,-0.6223578343269149,-0.4921956168197067,-0.6030366676715069,-0.507325539454703,-0.6163404243305296,-0.5121817630565572,-0.6439498792972752,-0.508645792571327,-0.6318239721663194,-0.5063760344481099,-0.6210105759750019,-0.5388425615800463,-0.6239617295196914,-0.5189094957445528,-0.5966849549424921,-0.4986891414363146,-0.5705841296122761,-0.4806150135413424,-0.5543317919977228,-0.4932082495168788,-0.5225273262394297,-0.4767355288723484,-0.5076227925775152,-0.4708213237439347,-0.5220098470839024,-0.4584707526774042,-0.5034578984990296,-0.442352848420818,-0.500403083059524,-0.4525401286435706,-0.4889835629942858,-0.4517612022744328,-0.464802356172351,-0.4310785037330998,-0.4623180281892491,-0.4190130069258137,-0.4728565830943612,-0.4081793613810685,-0.4826652384238369,-0.4009574891878296,-0.4991531728845669,-0.4018230653792461,0
Rio de Janeiro,-0.7375146816979256,0.9592398140645736,1.1592941657393978,2.216164802458223,1.0254933899047731,2.220040592085728,1.1579563140938638,2.0785335098753808,1.1622902602862648,2.034614715703458,0.9404601851478088,1.873996827025557,1.0613919737932538,1.4709533456246695,1.1832696313678734,1.835396058237287,1.0917359648098328,1.6611205471138923,1.045605133306594,1.1633191950578512,0.6918026676489095,0.8952721337823886,0.7545152263166085,0.9293909577778542,0.8901616501986455,1.1963059051701228,0.8142884864604243,1.060588489216613,0.7436881871773253,1.5061417806080084,0.8418124268220755,1.4125838362448169,0.8149143556087156,1.1755393899125357,0.9364075865131049,1.058596427365054,0.9298196201684789,0.8838083326791885,0.8959568169574131,0.7793731536379946,0.8045251420140795,0.6871754738255529,0.8404716433205245,0.5511036661047485,0.987152017062393,0.3157491825522027,0.9900782224411402,0.3143595792659978,0.9856766674641754,0.4407555094195809,1.1330839574644382,0.2480184012989726,0.8630362255274984,0.1549263716760339,0.6048889718334736,0.1952765515648179,0.5909214065330608,0.3412560829876162,0.5134609978630623,0.4665396864698596,0.5614241301827547,1
Rio Grande do Norte,-0.7129721235326434,-0.4573255754225772,-0.4619853429117629,-0.6347260856578022,-0.5486561923075958,-0.6298706256916679,-0.5816107049540714,-0.6664710229255578,-0.5650599468436976,-0.6867159336902864,-0.5955687130194143,-0.7046234676952509,-0.5797234100511611,-0.6908121851229553,-0.5289107343566135,-0.6647141127370475,-0.5334134831913332,-0.6093020007902312,-0.5251546979781899,-0.6246563112453393,-0.507572084671755,-0.5906410418821088,-0.4980103576404286,-0.6203952664847511,-0.5009842159180411,-0.6381845172519377,-0.5044645705295522,-0.6195210720713016,-0.5023721160540873,-0.61102634980839,-0.5354907477943598,-0.6103385662786192,-0.513502324818737,-0.5812764018682844,-0.4889740679112577,-0.5565416496020593,-0.4722771505724554,-0.5352367841369057,-0.4826423261708512,-0.4952955230805546,-0.4650342931563658,-0.4742874487465739,-0.4545869547115471,-0.4779563048010124,-0.4419680198426507,-0.4235450520496435,-0.4187140606063004,-0.4494039563876608,-0.4120790684083347,-0.4492522555042197,-0.4245951512712635,-0.4335723160374697,-0.4160568655645524,-0.4403494099860211,-0.4086212110615224,-0.4574215835402687,-0.395197391989074,-0.4777692908332704,-0.3898149290898581,-0.4972076933608172,-0.3855947231022739,0
Rio Grande do Sul,-0.0913914025500406,0.3700604604616225,0.5050014628963848,0.3172235075154199,0.1225988133678931,0.4491161971730443,0.2064665904374617,0.5025994982555252,0.332566124161093,0.4928207304627799,0.3625962511548375,0.64298066498255,0.2691148947944127,0.5090848129982316,0.1664852185700011,0.7090639889573978,0.280639878837164,0.6224650791422686,0.3563762799543424,0.6779667471484407,0.3670463260946142,0.7487691009251005,0.3237487113390359,0.8396982741920191,0.2969403300821696,0.7731890242751055,0.3947059934258214,0.8448554153344958,0.456492728280106,0.5583304889631364,0.4379871375322614,0.5690917965853522,0.3152467252215913,0.4962265515166881,0.3089936634480035,0.745354304087062,0.2598057862358436,0.5728432156576927,0.3376680505947239,0.5739544991228683,0.3523066690943602,0.5075570484434345,0.3493151067875931,0.6313677379612508,0.3534241197104181,0.8162494547591332,0.353081578354071,0.9047023723102688,0.4301997892738432,0.8544905427330001,0.2835445006825175,0.8300423035591542,0.2681995044463856,0.797938233844941,0.403554990113793,0.7828310648640936,0.3181076239138443,0.8381767095149232,0.4010150106173181,0.9924988576047784,0.2627358752999002,1
Rondônia,-0.2112631637206419,-0.6602851044797612,-0.611763190550525,-0.5018162303134676,-0.4767263375555742,-0.5559613123040641,-0.5309326721086924,-0.5691606158326571,-0.5395169284439808,-0.5842303505620726,-0.5780694036245859,-0.61677914846392,-0.5603428415363535,-0.5921079347337371,-0.4926889553398015,-0.5963281103544543,-0.4687925258026532,-0.5534273342004268,-0.4679548618314997,-0.5576513834559736,-0.4551259133235435,-0.5393884492425984,-0.4615521723751108,-0.5691428187295123,-0.468328708912941,-0.5763009384084811,-0.4841774215657127,-0.5694833112674916,-0.4819098493799369,-0.5704021252896833,-0.5050878026806108,-0.5879508644590371,-0.5029470483731654,-0.5640265736970471,-0.4945319239879866,-0.5420688452543871,-0.4701999783837571,-0.5239059063216505,-0.4862423340714182,-0.4948219286017554,-0.4729724832443626,-0.4819442231367887,-0.4658267188501185,-0.501867426336031,-0.4563157685664717,-0.4909154858026489,-0.4411644097483132,-0.4807659215458682,-0.4510245813930686,-0.4734997088056543,-0.4308150810440655,-0.456306400090649,-0.426171583317415,-0.45879587520579,-0.4130603532512364,-0.4672348248296661,-0.4091361732425142,-0.4898738265574198,-0.4017574500189087,-0.508866946691227,-0.4047333102784146,0
Roraima,-0.2473456467997428,-0.7889553315336707,-0.6406676874632685,-0.690267255733359,-0.5736127749832005,-0.6724633861018214,-0.6174363079289273,-0.6819501024920597,-0.6101475282024797,-0.6786317378620085,-0.6199568764047448,-0.7005212017135187,-0.6000723913561358,-0.7000920540178316,-0.5427703010137483,-0.6890639066067435,-0.5461448139658593,-0.627080025804869,-0.5375366164307641,-0.644527753781207,-0.5227138594074322,-0.6133566455954094,-0.5160038558445712,-0.6459687208746511,-0.5205340521868215,-0.6555321951974423,-0.5232244290674318,-0.6363409526525761,-0.5174350239048366,-0.6269290318086354,-0.5497934905646824,-0.6270817485776482,-0.5283979447815791,-0.6020009555536787,-0.5125813643489396,-0.5812644320254816,-0.4866162210124556,-0.5601039210655177,-0.4985943616510888,-0.5262749399782327,-0.4813278842595139,-0.5108847482321471,-0.4743908838630101,-0.5285553111650351,-0.4608535299564195,-0.5125119149941338,-0.445043726405813,-0.50754687929795,-0.4545740115556662,-0.4958137515068872,-0.4544885846036939,-0.471187420327267,-0.4335554426438218,-0.4736557015368239,-0.4214902729320308,-0.4844666170700402,-0.4102734349406038,-0.4986649985048572,-0.4034871280344128,-0.5155585043669834,-0.4069449324610922,0
Santa Catarina,-0.596419585128235,-0.0473447386346443,0.1082215507305415,0.1712916486950531,1.4055214919042418,0.1278960999447284,1.52938867562511,0.1235031096033807,1.3630334196015983,0.1143276741681531,1.1646761276155122,0.1675999861007627,1.2491929905853556,0.2088692043314834,0.9613976479182256,0.1769695639495702,0.806432333131914,0.389650816856379,0.6828162301317435,0.2483689599131523,0.6018693316342917,0.2694095207001733,0.5276851707796212,0.1976854460311308,0.512430161184135,0.2376964887398366,0.464996393795044,0.203390085108654,0.3410371519778654,0.158778623587575,0.4124608258152877,0.0897888796737724,0.3949652635872177,0.1493445860854856,0.3743013547452052,0.2179850119604284,0.2495703404073047,0.2058147707599485,0.1208183960553849,0.235932373157249,0.0571780756884941,0.1811534158041078,0.0018614201773599,0.2384918451185241,-0.0983029174596093,0.2901396604909597,-0.1591405528376066,0.3033137534097698,-0.2030968716655017,0.297504477535581,-0.2091515080060109,0.2335713730497944,-0.2448172763645191,0.1752372613524851,-0.2154212958800725,0.2609248758837519,-0.1987853748634122,0.2047401402972949,-0.1487719886893552,0.2176755287329679,-0.1321120926454417,1
Sergipe,-0.7968598531468698,-0.5958495770677138,-0.5618372413376044,-0.6751363546765181,-0.5511727510793201,-0.6675775366034584,-0.5941187965513651,-0.6875642333581329,-0.595721406089183,-0.7009472303993288,-0.6008356726739444,-0.7190507212433014,-0.5917396567427251,-0.7125102150657764,-0.5317180879937751,-0.6915088731306273,-0.4903506572799014,-0.6230874603858905,-0.523148813734155,-0.6412805678601667,-0.5110771417207454,-0.6060314363955318,-0.5019337325263726,-0.6376616551797049,-0.5037222293950091,-0.6510550662617541,-0.5096612973983607,-0.6315919722565074,-0.5011421459987789,-0.6181816652145147,-0.5327445610320143,-0.6190072854128847,-0.5102894556934976,-0.5971514298423393,-0.5001959792126917,-0.5769968606589205,-0.4728726059446547,-0.5528640300221903,-0.4838408064631612,-0.5145037856057844,-0.4669311577587732,-0.503202984727177,-0.4622062488589307,-0.5215262233459462,-0.4459087424713449,-0.5063896151559255,-0.4267410851795409,-0.5014393891213218,-0.4309576057712297,-0.4890939744005824,-0.4291799391714925,-0.4676132561834937,-0.4129692616881272,-0.4675349065163747,-0.4031221894890796,-0.4796376283088704,-0.3886127888811055,-0.4914542155412287,-0.3846811743697517,-0.5075568374396157,-0.3846160224449844,0
Tocantins,-0.1022984248177634,-0.676854022038895,-0.6065078274754807,-0.5313527919804224,-0.5669560224406938,-0.5627202584257074,-0.6114847813182417,-0.5381768653517399,-0.5936189709133547,-0.5423422247685754,-0.5680864831727875,-0.600083234925337,-0.5588674603803954,-0.5935861576015764,-0.522033542294472,-0.6052856885072392,-0.5328557388631759,-0.5740438887515457,-0.5202023742286866,-0.5683543857095488,-0.5040753755252846,-0.5511381177205171,-0.5048710056357636,-0.5597245527325234,-0.5095937419959097,-0.5797650964977892,-0.5092176381762656,-0.5851146100837943,-0.507120115289967,-0.5817619281739289,-0.5418067218748981,-0.5938860914891321,-0.5187618956467429,-0.5750374042654766,-0.4950344291735453,-0.554814373605587,-0.4746043859374728,-0.5379997961528965,-0.4876741898394682,-0.5156782979468243,-0.4734901358293665,-0.496112127946853,-0.4710888163947265,-0.5119166633446682,-0.4587340311044049,-0.4964914554303013,-0.4392406173570187,-0.4988233105480772,-0.4501583146305099,-0.4954099313008883,-0.4480836810859134,-0.4714030299027033,-0.4325676011321998,-0.4735621658440753,-0.4194516194928606,-0.4835909353244394,-0.405522497376215,-0.4954802230602841,-0.3979576122644693,-0.5131086239263726,-0.4020420598915882,0
